sample,path_segment,fraction,distance,z,r,inside_domain,cell_index,number_density,velocity_z,velocity_r,velocity_theta,direct_view_factor_anode,direct_view_factor_background,direct_view_factor_wall,density_from_anode,density_from_background,density_from_wall
1,1,0,0,0,0.425,false,0,,,,,,,,,,
2,1,0.01,0.001,0.001,0.425,false,0,,,,,,,,,,
3,1,0.02,0.002,0.002,0.425,false,0,,,,,,,,,,
4,1,0.03,0.003,0.003,0.425,false,0,,,,,,,,,,
5,1,0.04,0.004,0.004,0.425,false,0,,,,,,,,,,
6,1,0.05,0.005,0.005,0.425,false,0,,,,,,,,,,
7,1,0.06,0.006,0.006,0.425,false,0,,,,,,,,,,
8,1,0.06999999999999999,0.007,0.006999999999999999,0.425,false,0,,,,,,,,,,
9,1,0.08,0.008,0.008,0.425,false,0,,,,,,,,,,
10,1,0.08999999999999998,0.008999999999999999,0.008999999999999999,0.425,false,0,,,,,,,,,,
11,1,0.09999999999999999,0.01,0.01,0.425,false,0,,,,,,,,,,
12,1,0.11,0.011,0.011,0.425,false,0,,,,,,,,,,
13,1,0.12,0.012,0.012,0.425,false,0,,,,,,,,,,
14,1,0.13,0.013,0.013,0.425,false,0,,,,,,,,,,
15,1,0.14,0.014,0.014,0.425,false,0,,,,,,,,,,
16,1,0.15,0.015,0.015,0.425,false,0,,,,,,,,,,
17,1,0.16,0.016,0.016,0.425,false,0,,,,,,,,,,
18,1,0.17,0.017,0.017,0.425,false,0,,,,,,,,,,
19,1,0.18,0.018,0.018,0.425,false,0,,,,,,,,,,
20,1,0.19,0.019,0.019,0.425,false,0,,,,,,,,,,
21,1,0.2,0.02,0.02,0.425,false,0,,,,,,,,,,
22,1,0.21,0.021,0.021,0.425,false,0,,,,,,,,,,
23,1,0.22,0.022,0.022,0.425,false,0,,,,,,,,,,
24,1,0.23,0.023,0.023,0.425,false,0,,,,,,,,,,
25,1,0.24,0.024,0.024,0.425,false,0,,,,,,,,,,
26,1,0.25,0.025,0.025,0.425,false,0,,,,,,,,,,
27,1,0.26,0.026,0.026,0.425,false,0,,,,,,,,,,
28,1,0.27,0.027,0.027,0.425,false,0,,,,,,,,,,
29,1,0.28,0.028,0.028,0.425,false,0,,,,,,,,,,
30,1,0.29,0.029,0.029,0.425,false,0,,,,,,,,,,
31,1,0.3,0.03,0.03,0.425,false,0,,,,,,,,,,
32,1,0.31,0.031,0.031,0.425,false,0,,,,,,,,,,
33,1,0.32,0.032,0.032,0.425,false,0,,,,,,,,,,
34,1,0.33,0.033,0.033,0.425,false,0,,,,,,,,,,
35,1,0.34,0.034,0.034,0.425,false,0,,,,,,,,,,
36,1,0.35,0.035,0.035,0.425,false,0,,,,,,,,,,
37,1,0.3599999999999999,0.036,0.036,0.425,false,0,,,,,,,,,,
38,1,0.3699999999999999,0.037,0.037,0.425,false,0,,,,,,,,,,
39,1,0.3799999999999999,0.038,0.038,0.425,false,0,,,,,,,,,,
40,1,0.39,0.039,0.039,0.425,false,0,,,,,,,,,,
41,1,0.4,0.04,0.04,0.425,false,0,,,,,,,,,,
42,1,0.41,0.041,0.041,0.425,false,0,,,,,,,,,,
43,1,0.42,0.042,0.042,0.425,false,0,,,,,,,,,,
44,1,0.4299999999999999,0.043,0.043,0.425,false,0,,,,,,,,,,
45,1,0.4399999999999999,0.044,0.044,0.425,false,0,,,,,,,,,,
46,1,0.45,0.045,0.045,0.425,false,0,,,,,,,,,,
47,1,0.46,0.046,0.046,0.425,false,0,,,,,,,,,,
48,1,0.47,0.047,0.047,0.425,false,0,,,,,,,,,,
49,1,0.48,0.048,0.048,0.425,false,0,,,,,,,,,,
50,1,0.49,0.049,0.049,0.425,false,0,,,,,,,,,,
51,1,0.5,0.05,0.05,0.425,false,0,,,,,,,,,,
52,1,0.5099999999999999,0.051,0.05099999999999999,0.425,false,0,,,,,,,,,,
53,1,0.5199999999999999,0.052,0.05199999999999999,0.425,false,0,,,,,,,,,,
54,1,0.5299999999999999,0.053,0.05299999999999999,0.425,false,0,,,,,,,,,,
55,1,0.5399999999999999,0.054,0.05399999999999999,0.425,false,0,,,,,,,,,,
56,1,0.5499999999999999,0.055,0.05499999999999999,0.425,false,0,,,,,,,,,,
57,1,0.5599999999999999,0.056,0.05599999999999999,0.425,false,0,,,,,,,,,,
58,1,0.57,0.057,0.057,0.425,false,0,,,,,,,,,,
59,1,0.58,0.058,0.058,0.425,false,0,,,,,,,,,,
60,1,0.59,0.059,0.059,0.425,false,0,,,,,,,,,,
61,1,0.6,0.06,0.06,0.425,false,0,,,,,,,,,,
62,1,0.61,0.061,0.061,0.425,false,0,,,,,,,,,,
63,1,0.62,0.062,0.062,0.425,false,0,,,,,,,,,,
64,1,0.63,0.063,0.063,0.425,false,0,,,,,,,,,,
65,1,0.64,0.064,0.064,0.425,false,0,,,,,,,,,,
66,1,0.65,0.065,0.065,0.425,false,0,,,,,,,,,,
67,1,0.66,0.066,0.066,0.425,false,0,,,,,,,,,,
68,1,0.67,0.067,0.067,0.425,false,0,,,,,,,,,,
69,1,0.68,0.068,0.068,0.425,false,0,,,,,,,,,,
70,1,0.6900000000000001,0.06900000000000001,0.06900000000000001,0.425,false,0,,,,,,,,,,
71,1,0.7000000000000001,0.07000000000000001,0.07000000000000001,0.425,false,0,,,,,,,,,,
72,1,0.7099999999999999,0.07099999999999999,0.07099999999999999,0.425,false,0,,,,,,,,,,
73,1,0.7199999999999999,0.07199999999999999,0.07199999999999999,0.425,false,0,,,,,,,,,,
74,1,0.7299999999999999,0.073,0.073,0.425,false,0,,,,,,,,,,
75,1,0.7399999999999999,0.074,0.074,0.425,false,0,,,,,,,,,,
76,1,0.7499999999999999,0.075,0.075,0.425,false,0,,,,,,,,,,
77,1,0.7599999999999999,0.076,0.076,0.425,false,0,,,,,,,,,,
78,1,0.7699999999999999,0.077,0.077,0.425,false,0,,,,,,,,,,
79,1,0.7799999999999999,0.078,0.078,0.425,false,0,,,,,,,,,,
80,1,0.7899999999999999,0.079,0.079,0.425,false,0,,,,,,,,,,
81,1,0.7999999999999999,0.08,0.08,0.425,false,0,,,,,,,,,,
82,1,0.8099999999999999,0.081,0.081,0.425,false,0,,,,,,,,,,
83,1,0.82,0.082,0.082,0.425,false,0,,,,,,,,,,
84,1,0.83,0.083,0.083,0.425,false,0,,,,,,,,,,
85,1,0.84,0.08400000000000001,0.08400000000000001,0.425,false,0,,,,,,,,,,
86,1,0.85,0.08500000000000001,0.08500000000000001,0.425,false,0,,,,,,,,,,
87,1,0.8599999999999999,0.08599999999999999,0.08599999999999999,0.425,false,0,,,,,,,,,,
88,1,0.8699999999999999,0.08699999999999999,0.08699999999999999,0.425,false,0,,,,,,,,,,
89,1,0.8799999999999999,0.08799999999999999,0.08799999999999999,0.425,false,0,,,,,,,,,,
90,1,0.8899999999999999,0.089,0.089,0.425,false,0,,,,,,,,,,
91,1,0.8999999999999999,0.09,0.09,0.425,false,0,,,,,,,,,,
92,1,0.9099999999999999,0.091,0.091,0.425,false,0,,,,,,,,,,
93,1,0.9199999999999999,0.092,0.092,0.425,false,0,,,,,,,,,,
94,1,0.9299999999999999,0.093,0.093,0.425,false,0,,,,,,,,,,
95,1,0.9399999999999999,0.094,0.094,0.425,false,0,,,,,,,,,,
96,1,0.95,0.095,0.095,0.425,false,0,,,,,,,,,,
97,1,0.96,0.096,0.096,0.425,false,0,,,,,,,,,,
98,1,0.97,0.097,0.097,0.425,false,0,,,,,,,,,,
99,1,0.98,0.098,0.098,0.425,false,0,,,,,,,,,,
100,1,0.99,0.099,0.099,0.425,false,0,,,,,,,,,,
101,1,1,0.1,0.1,0.425,false,0,,,,,,,,,,
